{
  "app.py": 1776424843.2510087,
  "database/db.py": 1776424843.2511783,
  "database/__init__.py": 1773813485.0,
  "static/js/main.js": 1773813586.0,
  "requirements.txt": 1773813478.0,
  "CLAUDE.md": 1776424843.2508018,
  "templates/base.html": 1775498852.485343,
  "templates/terms.html": 1775496111.9127307,
  "templates/register.html": 1773813528.0,
  "templates/login.html": 1773813534.0,
  "templates/landing.html": 1775499374.8554084,
  "templates/privacy.html": 1775498870.297484
}